Year,Month,Week,Day,Date,ED Trolleys,Ward Trolleys,Total,Surge Capacity in Use (Full report @14:00),Delayed Transfers of Care (As of Midnight),No of Total Waiting >24hrs,No of >75+yrs Waiting >24hrs
2024,January,1,Monday,01-01-2024,182,47,229,278,352,36,7
2024,January,1,Tuesday,02-01-2024,244,74,318,408,351,67,9
2024,January,1,Wednesday,03-01-2024,290,98,388,351,360,74,12
2024,January,1,Thursday,04-01-2024,277,99,376,423,357,56,9
2024,January,1,Friday,05-01-2024,272,107,379,374,359,86,7
2024,January,1,Saturday,06-01-2024,179,55,234,319,359,37,0
2024,January,1,Sunday,07-01-2024,232,63,295,383,357,75,2
2024,January,2,Monday,08-01-2024,336,95,431,505,357,131,9
2024,January,2,Tuesday,09-01-2024,289,116,405,442,361,81,4
2024,January,2,Wednesday,10-01-2024,293,116,409,431,378,83,12
2024,January,2,Thursday,11-01-2024,213,93,306,402,386,50,5
2024,January,2,Friday,12-01-2024,228,98,326,376,382,46,3
2024,January,2,Saturday,13-01-2024,149,56,205,285,372,26,3
2024,January,2,Sunday,14-01-2024,181,67,248,332,371,44,3
2024,January,3,Monday,15-01-2024,311,75,386,411,370,90,5
2024,January,3,Tuesday,16-01-2024,312,92,404,418,390,66,9
2024,January,3,Wednesday,17-01-2024,280,101,381,396,412,90,13
2024,January,3,Thursday,18-01-2024,302,106,408,384,397,74,15
2024,January,3,Friday,19-01-2024,275,98,373,362,394,70,7
2024,January,3,Saturday,20-01-2024,143,65,208,282,381,31,1
2024,January,3,Sunday,21-01-2024,237,77,314,356,381,57,9
2024,January,4,Monday,22-01-2024,324,88,412,490,379,109,30
2024,January,4,Tuesday,23-01-2024,363,120,483,452,371,72,18
2024,January,4,Wednesday,24-01-2024,351,140,491,462,364,82,19
2024,January,4,Thursday,25-01-2024,324,137,461,455,377,86,18
2024,January,4,Friday,26-01-2024,282,109,391,464,365,92,11
2024,January,4,Saturday,27-01-2024,121,78,199,316,358,26,3
2024,January,4,Sunday,28-01-2024,145,94,239,357,357,60,7
2024,January,5,Monday,29-01-2024,269,109,378,459,353,91,6
2024,January,5,Tuesday,30-01-2024,289,142,431,468,361,61,6
2024,January,5,Wednesday,31-01-2024,317,119,436,465,376,72,8
2024,February,5,Thursday,01-02-2024,275,119,394,448,377,55,10
2024,February,5,Friday,02-02-2024,260,99,359,383,370,70,6
2024,February,5,Saturday,03-02-2024,98,76,174,286,351,23,3
2024,February,5,Sunday,04-02-2024,95,68,163,366,352,28,5
2024,February,6,Monday,05-02-2024,194,78,272,402,352,47,10
2024,February,6,Tuesday,06-02-2024,379,128,507,572,349,104,28
2024,February,6,Wednesday,07-02-2024,411,139,550,581,355,102,23
2024,February,6,Thursday,08-02-2024,324,143,467,535,352,84,17
2024,February,6,Friday,09-02-2024,253,121,374,442,355,53,10
2024,February,6,Saturday,10-02-2024,121,68,189,314,357,27,3
2024,February,6,Sunday,11-02-2024,218,76,294,367,357,59,4
2024,February,7,Monday,12-02-2024,336,112,448,500,355,96,23
2024,February,7,Tuesday,13-02-2024,358,135,493,472,354,80,11
2024,February,7,Wednesday,14-02-2024,286,113,399,437,371,79,14
2024,February,7,Thursday,15-02-2024,252,109,361,436,390,75,7
2024,February,7,Friday,16-02-2024,223,99,322,407,381,55,3
2024,February,7,Saturday,17-02-2024,107,63,170,283,365,35,4
2024,February,7,Sunday,18-02-2024,142,74,216,352,364,53,9
2024,February,8,Monday,19-02-2024,298,115,413,482,361,112,23
2024,February,8,Tuesday,20-02-2024,265,97,362,457,349,55,3
2024,February,8,Wednesday,21-02-2024,294,96,390,476,378,51,10
2024,February,8,Thursday,22-02-2024,254,97,351,450,392,47,5
2024,February,8,Friday,23-02-2024,237,89,326,439,397,56,9
2024,February,8,Saturday,24-02-2024,133,44,177,307,402,16,5
2024,February,8,Sunday,25-02-2024,183,68,251,372,399,33,6
2024,February,9,Monday,26-02-2024,319,96,415,500,399,78,21
2024,February,9,Tuesday,27-02-2024,269,99,368,442,402,57,5
2024,February,9,Wednesday,28-02-2024,258,117,375,418,409,59,16
2024,February,9,Thursday,29-02-2024,277,94,371,397,420,73,10
2024,March,9,Friday,01-03-2024,238,90,328,380,434,62,9
2024,March,9,Saturday,02-03-2024,108,56,164,258,434,23,9
2024,March,9,Sunday,03-03-2024,159,71,230,311,434,45,8
2024,March,10,Monday,04-03-2024,290,97,387,442,434,100,24
2024,March,10,Tuesday,05-03-2024,303,93,396,434,438,62,6
2024,March,10,Wednesday,06-03-2024,252,88,340,417,443,48,7
2024,March,10,Thursday,07-03-2024,254,77,331,362,453,51,9
2024,March,10,Friday,08-03-2024,193,67,260,393,439,34,8
2024,March,10,Saturday,09-03-2024,126,29,155,308,432,21,6
2024,March,10,Sunday,10-03-2024,164,38,202,368,431,31,6
2024,March,11,Monday,11-03-2024,330,71,401,424,426,86,23
2024,March,11,Tuesday,12-03-2024,283,103,386,415,418,57,9
2024,March,11,Wednesday,13-03-2024,292,91,383,408,424,55,9
2024,March,11,Thursday,14-03-2024,326,94,420,419,419,46,8
2024,March,11,Friday,15-03-2024,255,90,345,421,399,42,8
2024,March,11,Saturday,16-03-2024,98,52,150,280,405,18,1
2024,March,11,Sunday,17-03-2024,116,71,187,324,405,39,5
2024,March,12,Monday,18-03-2024,168,82,250,420,405,64,10
2024,March,12,Tuesday,19-03-2024,360,106,466,478,395,97,13
2024,March,12,Wednesday,20-03-2024,368,110,478,454,407,64,11
2024,March,12,Thursday,21-03-2024,289,115,404,447,404,63,9
2024,March,12,Friday,22-03-2024,251,100,351,349,409,66,7
2024,March,12,Saturday,23-03-2024,98,44,142,243,415,17,3
2024,March,12,Sunday,24-03-2024,98,53,151,271,414,23,3
2024,March,13,Monday,25-03-2024,251,88,339,374,414,52,9
2024,March,13,Tuesday,26-03-2024,316,114,430,446,404,53,8
2024,March,13,Wednesday,27-03-2024,299,126,425,410,407,76,2
2024,March,13,Thursday,28-03-2024,289,118,407,388,408,71,12
2024,March,13,Friday,29-03-2024,225,104,329,384,381,57,6
2024,March,13,Saturday,30-03-2024,75,31,106,222,363,11,0
2024,March,13,Sunday,31-03-2024,58,35,93,201,363,15,3
2024,April,14,Monday,01-04-2024,109,54,163,319,364,30,4
2024,April,14,Tuesday,02-04-2024,278,100,378,464,362,59,11
2024,April,14,Wednesday,03-04-2024,352,99,451,473,373,72,16
2024,April,14,Thursday,04-04-2024,342,88,430,404,385,67,9
2024,April,14,Friday,05-04-2024,322,125,447,422,385,90,14
2024,April,14,Saturday,06-04-2024,143,61,204,325,386,26,4
2024,April,14,Sunday,07-04-2024,255,89,344,410,385,64,1
2024,April,15,Monday,08-04-2024,399,119,518,494,385,129,10
2024,April,15,Tuesday,09-04-2024,371,139,510,498,375,92,11
2024,April,15,Wednesday,10-04-2024,308,121,429,424,378,92,10
2024,April,15,Thursday,11-04-2024,244,103,347,427,377,68,12
2024,April,15,Friday,12-04-2024,240,97,337,414,391,48,3
2024,April,15,Saturday,13-04-2024,128,64,192,278,380,22,6
2024,April,15,Sunday,14-04-2024,195,84,279,377,382,57,16
2024,April,16,Monday,15-04-2024,355,109,464,452,382,111,24
2024,April,16,Tuesday,16-04-2024,351,109,460,450,380,65,11
2024,April,16,Wednesday,17-04-2024,298,89,387,453,398,59,11
2024,April,16,Thursday,18-04-2024,253,86,339,389,392,51,7
2024,April,16,Friday,19-04-2024,187,72,259,374,393,41,5
2024,April,16,Saturday,20-04-2024,111,46,157,247,396,13,6
2024,April,16,Sunday,21-04-2024,182,54,236,294,391,36,2
2024,April,17,Monday,22-04-2024,293,85,378,408,391,89,12
2024,April,17,Tuesday,23-04-2024,290,86,376,404,389,45,9
2024,April,17,Wednesday,24-04-2024,226,83,309,386,404,36,6
2024,April,17,Thursday,25-04-2024,218,83,301,366,381,39,3
2024,April,17,Friday,26-04-2024,214,90,304,403,384,42,6
2024,April,17,Saturday,27-04-2024,95,53,148,281,388,24,5
2024,April,17,Sunday,28-04-2024,147,68,215,346,390,47,10
2024,April,18,Monday,29-04-2024,277,106,383,394,389,90,16
2024,April,18,Tuesday,30-04-2024,268,119,387,367,393,52,2
2024,May,18,Wednesday,01-05-2024,277,98,375,373,390,44,6
2024,May,18,Thursday,02-05-2024,256,95,351,343,386,41,5
2024,May,18,Friday,03-05-2024,164,64,228,332,380,25,3
2024,May,18,Saturday,04-05-2024,82,12,94,220,373,8,0
2024,May,18,Sunday,05-05-2024,75,18,93,234,372,8,2
2024,May,19,Monday,06-05-2024,155,53,208,335,376,15,4
2024,May,19,Tuesday,07-05-2024,271,80,351,431,370,63,9
2024,May,19,Wednesday,08-05-2024,286,95,381,450,361,61,5
2024,May,19,Thursday,09-05-2024,231,82,313,459,378,44,2
2024,May,19,Friday,10-05-2024,160,64,224,403,380,25,1
2024,May,19,Saturday,11-05-2024,82,33,115,254,380,8,0
2024,May,19,Sunday,12-05-2024,118,54,172,280,378,30,5
2024,May,20,Monday,13-05-2024,232,84,316,349,378,74,9
2024,May,20,Tuesday,14-05-2024,311,106,417,419,381,57,7
2024,May,20,Wednesday,15-05-2024,260,109,369,378,395,62,5
2024,May,20,Thursday,16-05-2024,221,121,342,381,399,59,6
2024,May,20,Friday,17-05-2024,205,92,297,347,383,56,8
2024,May,20,Saturday,18-05-2024,112,62,174,260,377,26,8
2024,May,20,Sunday,19-05-2024,165,61,226,298,378,56,14
2024,May,21,Monday,20-05-2024,280,98,378,355,377,90,11
2024,May,21,Tuesday,21-05-2024,291,112,403,387,380,56,5
2024,May,21,Wednesday,22-05-2024,273,102,375,380,404,62,5
2024,May,21,Thursday,23-05-2024,230,70,300,377,421,35,14
2024,May,21,Friday,24-05-2024,175,87,262,316,410,37,4
2024,May,21,Saturday,25-05-2024,87,49,136,259,406,23,4
2024,May,21,Sunday,26-05-2024,129,53,182,293,406,40,5
2024,May,22,Monday,27-05-2024,264,84,348,368,403,71,10
2024,May,22,Tuesday,28-05-2024,315,102,417,387,414,66,13
2024,May,22,Wednesday,29-05-2024,284,116,400,349,415,58,11
2024,May,22,Thursday,30-05-2024,258,87,345,331,384,57,6
2024,May,22,Friday,31-05-2024,193,75,268,337,398,40,5
2024,June,22,Saturday,01-06-2024,64,23,87,246,397,12,1
2024,June,22,Sunday,02-06-2024,90,30,120,248,400,12,3
2024,June,23,Monday,03-06-2024,162,54,216,276,401,35,5
2024,June,23,Tuesday,04-06-2024,294,107,401,368,400,83,6
2024,June,23,Wednesday,05-06-2024,313,120,433,388,384,72,16
2024,June,23,Thursday,06-06-2024,277,97,374,372,376,53,11
2024,June,23,Friday,07-06-2024,205,93,298,318,398,45,8
2024,June,23,Saturday,08-06-2024,85,21,106,218,396,11,1
2024,June,23,Sunday,09-06-2024,164,45,209,241,394,22,2
2024,June,24,Monday,10-06-2024,274,94,368,358,390,77,15
2024,June,24,Tuesday,11-06-2024,289,88,377,322,394,60,5
2024,June,24,Wednesday,12-06-2024,276,107,383,361,404,61,3
2024,June,24,Thursday,13-06-2024,290,106,396,368,400,62,9
2024,June,24,Friday,14-06-2024,246,100,346,350,400,60,4
2024,June,24,Saturday,15-06-2024,103,32,135,266,390,29,1
2024,June,24,Sunday,16-06-2024,147,66,213,312,390,27,4
2024,June,25,Monday,17-06-2024,272,86,358,399,389,69,7
2024,June,25,Tuesday,18-06-2024,319,98,417,401,379,60,9
2024,June,25,Wednesday,19-06-2024,270,80,350,386,386,61,11
2024,June,25,Thursday,20-06-2024,242,71,313,363,392,40,8
2024,June,25,Friday,21-06-2024,192,53,245,327,383,27,5
2024,June,25,Saturday,22-06-2024,98,17,115,237,377,15,4
2024,June,25,Sunday,23-06-2024,132,52,184,264,377,20,5
2024,June,26,Monday,24-06-2024,258,67,325,356,376,68,13
2024,June,26,Tuesday,25-06-2024,326,85,411,402,376,44,7
2024,June,26,Wednesday,26-06-2024,291,82,373,365,400,61,7
2024,June,26,Thursday,27-06-2024,254,57,311,344,401,49,81
2024,June,26,Friday,28-06-2024,199,64,263,309,411,50,8
2024,June,26,Saturday,29-06-2024,98,56,154,222,403,37,8
2024,June,26,Sunday,30-06-2024,135,53,188,260,402,45,7
2024,July,27,Monday,01-07-2024,260,82,342,382,401,84,17
2024,July,27,Tuesday,02-07-2024,221,74,295,337,410,36,11
2024,July,27,Wednesday,03-07-2024,253,75,328,334,399,45,4
2024,July,27,Thursday,04-07-2024,226,68,294,335,404,45,3
2024,July,27,Friday,05-07-2024,144,53,197,324,418,31,4
2024,July,27,Saturday,06-07-2024,84,22,106,228,419,10,5
2024,July,27,Sunday,07-07-2024,110,47,157,248,419,19,2
2024,July,28,Monday,08-07-2024,216,68,284,312,419,64,10
2024,July,28,Tuesday,09-07-2024,282,79,361,334,428,72,20
2024,July,28,Wednesday,10-07-2024,245,95,340,358,433,46,19
2024,July,28,Thursday,11-07-2024,222,94,316,311,424,53,10
2024,July,28,Friday,12-07-2024,192,101,293,313,414,50,9
2024,July,28,Saturday,13-07-2024,58,52,110,250,409,21,5
2024,July,28,Sunday,14-07-2024,133,66,199,279,409,45,2
2024,July,29,Monday,15-07-2024,253,88,341,338,408,81,8
2024,July,29,Tuesday,16-07-2024,264,89,353,349,408,58,12
2024,July,29,Wednesday,17-07-2024,236,85,321,316,423,46,2
2024,July,29,Thursday,18-07-2024,218,75,293,296,426,45,7
2024,July,29,Friday,19-07-2024,170,73,243,275,424,32,3
2024,July,29,Saturday,20-07-2024,66,34,100,216,435,14,3
2024,July,29,Sunday,21-07-2024,132,56,188,192,435,22,2
2024,July,30,Monday,22-07-2024,210,82,292,287,433,67,24
2024,July,30,Tuesday,23-07-2024,219,94,313,323,429,33,2
2024,July,30,Wednesday,24-07-2024,225,70,295,320,434,35,2
2024,July,30,Thursday,25-07-2024,206,67,273,315,440,32,7
2024,July,30,Friday,26-07-2024,186,80,266,312,446,43,5
2024,July,30,Saturday,27-07-2024,121,44,165,142,436,24,6
2024,July,30,Sunday,28-07-2024,155,75,230,248,436,43,31
2024,July,31,Monday,29-07-2024,218,91,309,335,435,84,21
2024,July,31,Tuesday,30-07-2024,234,101,335,347,423,47,8
2024,July,31,Wednesday,31-07-2024,263,93,356,314,397,54,10
2024,August,31,Thursday,01-08-2024,188,80,268,285,412,37,5
2024,August,31,Friday,02-08-2024,135,66,201,231,409,28,2
2024,August,31,Saturday,03-08-2024,54,14,68,159,400,9,4
2024,August,31,Sunday,04-08-2024,76,38,114,181,400,11,4
2024,August,32,Monday,05-08-2024,112,63,175,258,399,29,5
2024,August,32,Tuesday,06-08-2024,255,87,342,378,401,71,7
2024,August,32,Wednesday,07-08-2024,276,105,381,361,399,53,9
2024,August,32,Thursday,08-08-2024,262,95,357,338,400,59,8
2024,August,32,Friday,09-08-2024,194,61,255,300,406,44,6
2024,August,32,Saturday,10-08-2024,92,38,130,169,397,17,0
2024,August,32,Sunday,11-08-2024,118,50,168,209,395,26,2
2024,August,33,Monday,12-08-2024,223,66,289,307,395,68,10
2024,August,33,Tuesday,13-08-2024,233,80,313,278,384,41,5
2024,August,33,Wednesday,14-08-2024,202,83,285,327,405,41,1
2024,August,33,Thursday,15-08-2024,169,74,243,284,408,30,3
2024,August,33,Friday,16-08-2024,98,63,161,253,415,14,2
2024,August,33,Saturday,17-08-2024,48,13,61,136,412,9,1
2024,August,33,Sunday,18-08-2024,65,21,86,192,411,13,1
2024,August,34,Monday,19-08-2024,168,40,208,292,411,38,4
2024,August,34,Tuesday,20-08-2024,177,36,213,296,409,14,0
2024,August,34,Wednesday,21-08-2024,161,50,211,278,414,28,0
2024,August,34,Thursday,22-08-2024,197,51,248,286,419,53,0
2024,August,34,Friday,23-08-2024,125,39,164,261,419,32,0
2024,August,34,Saturday,24-08-2024,64,17,81,185,428,10,0
2024,August,34,Sunday,25-08-2024,111,20,131,178,427,23,2
2024,August,35,Monday,26-08-2024,206,51,257,288,427,39,1
2024,August,35,Tuesday,27-08-2024,204,71,275,295,414,41,2
2024,August,35,Wednesday,28-08-2024,216,64,280,238,436,55,0
2024,August,35,Thursday,29-08-2024,220,56,276,287,434,41,1
2024,August,35,Friday,30-08-2024,139,44,183,241,424,31,5
2024,August,35,Saturday,31-08-2024,79,25,104,190,407,22,1
2024,September,35,Sunday,01-09-2024,98,52,150,202,406,35,0
2024,September,36,Monday,02-09-2024,202,86,288,259,406,76,9
2024,September,36,Tuesday,03-09-2024,246,91,337,282,439,51,1
2024,September,36,Wednesday,04-09-2024,202,84,286,301,430,40,1
2024,September,36,Thursday,05-09-2024,166,75,241,312,431,25,3
2024,September,36,Friday,06-09-2024,147,60,207,271,431,28,0
2024,September,36,Saturday,07-09-2024,68,15,83,191,409,5,0
2024,September,36,Sunday,08-09-2024,105,54,159,240,408,20,1
2024,September,37,Monday,09-09-2024,235,85,320,322,408,60,6
2024,September,37,Tuesday,10-09-2024,267,94,361,354,413,62,9
2024,September,37,Wednesday,11-09-2024,238,88,326,329,418,56,4
2024,September,37,Thursday,12-09-2024,181,68,249,302,407,37,3
2024,September,37,Friday,13-09-2024,156,70,226,315,389,34,3
2024,September,37,Saturday,14-09-2024,87,51,138,205,384,21,2
2024,September,37,Sunday,15-09-2024,147,70,217,232,384,37,4
2024,September,38,Monday,16-09-2024,262,94,356,347,385,84,12
2024,September,38,Tuesday,17-09-2024,305,99,404,332,386,53,5
2024,September,38,Wednesday,18-09-2024,230,97,327,369,408,51,5
2024,September,38,Thursday,19-09-2024,267,99,366,346,401,61,9
2024,September,38,Friday,20-09-2024,209,74,283,339,412,46,11
2024,September,38,Saturday,21-09-2024,105,33,138,233,406,13,1
2024,September,38,Sunday,22-09-2024,136,59,195,253,407,24,4
2024,September,39,Monday,23-09-2024,256,99,355,372,407,74,8
2024,September,39,Tuesday,24-09-2024,251,113,364,390,398,63,5
2024,September,39,Wednesday,25-09-2024,265,108,373,383,410,61,3
2024,September,39,Thursday,26-09-2024,240,102,342,378,404,53,4
2024,September,39,Friday,27-09-2024,247,86,333,356,411,36,1
2024,September,39,Saturday,28-09-2024,101,49,150,256,409,28,0
2024,September,39,Sunday,29-09-2024,154,73,227,265,409,51,1
2024,September,40,Monday,30-09-2024,306,111,417,365,408,99,22
2024,October,40,Tuesday,01-10-2024,328,120,448,386,409,80,14
2024,October,40,Wednesday,02-10-2024,345,120,465,399,409,70,6
2024,October,40,Thursday,03-10-2024,279,115,394,373,432,65,5
2024,October,40,Friday,04-10-2024,235,102,337,347,423,54,3
2024,October,40,Saturday,05-10-2024,106,54,160,260,420,16,1
2024,October,40,Sunday,06-10-2024,169,70,239,324,421,41,3
2024,October,41,Monday,07-10-2024,297,117,414,396,421,93,14
2024,October,41,Tuesday,08-10-2024,313,131,444,406,396,65,13
2024,October,41,Wednesday,09-10-2024,310,129,439,402,393,66,8
2024,October,41,Thursday,10-10-2024,206,101,307,381,374,51,6
2024,October,41,Friday,11-10-2024,163,105,268,341,364,44,4
2024,October,41,Saturday,12-10-2024,72,50,122,202,371,23,0
2024,October,41,Sunday,13-10-2024,132,58,190,240,368,35,6
2024,October,42,Monday,14-10-2024,214,79,293,364,365,60,13
2024,October,42,Tuesday,15-10-2024,246,76,322,365,376,30,4
2024,October,42,Wednesday,16-10-2024,268,100,368,362,381,53,7
2024,October,42,Thursday,17-10-2024,250,95,345,359,381,55,7
2024,October,42,Friday,18-10-2024,195,73,268,336,385,42,3
2024,October,42,Saturday,19-10-2024,109,46,155,236,388,25,0
2024,October,42,Sunday,20-10-2024,160,56,216,304,388,38,7
2024,October,43,Monday,21-10-2024,223,90,313,385,387,66,11
2024,October,43,Tuesday,22-10-2024,226,116,342,381,378,46,5
2024,October,43,Wednesday,23-10-2024,234,105,339,378,394,54,4
2024,October,43,Thursday,24-10-2024,202,103,305,306,387,57,10
2024,October,43,Friday,25-10-2024,156,69,225,281,388,37,5
2024,October,43,Saturday,26-10-2024,65,24,89,151,377,6,1
2024,October,43,Sunday,27-10-2024,76,35,111,176,379,10,1
2024,October,44,Monday,28-10-2024,127,48,175,257,381,19,0
2024,October,44,Tuesday,29-10-2024,228,90,318,365,381,43,3
2024,October,44,Wednesday,30-10-2024,229,81,310,360,379,51,5
2024,October,44,Thursday,31-10-2024,225,87,312,347,365,30,3
2024,November,44,Friday,01-11-2024,244,74,318,315,362,39,0
2024,November,44,Saturday,02-11-2024,114,49,163,219,366,14,1
2024,November,44,Sunday,03-11-2024,149,63,212,296,367,51,5
2024,November,45,Monday,04-11-2024,321,92,413,380,367,76,17
2024,November,45,Tuesday,05-11-2024,306,133,439,419,370,67,13
2024,November,45,Wednesday,06-11-2024,307,125,432,441,386,55,7
2024,November,45,Thursday,07-11-2024,258,113,371,378,383,59,7
2024,November,45,Friday,08-11-2024,211,68,279,357,397,32,4
2024,November,45,Saturday,09-11-2024,104,52,156,224,406,17,8
2024,November,45,Sunday,10-11-2024,177,67,244,325,406,44,9
2024,November,46,Monday,11-11-2024,278,106,384,402,403,79,16
2024,November,46,Tuesday,12-11-2024,300,111,411,389,379,63,5
2024,November,46,Wednesday,13-11-2024,284,102,386,427,394,57,2
2024,November,46,Thursday,14-11-2024,221,93,314,404,384,44,1
2024,November,46,Friday,15-11-2024,169,73,242,364,386,34,0
2024,November,46,Saturday,16-11-2024,104,44,148,219,383,16,0
2024,November,46,Sunday,17-11-2024,158,58,216,276,383,36,4
2024,November,47,Monday,18-11-2024,279,87,366,379,382,78,9
2024,November,47,Tuesday,19-11-2024,258,102,360,413,361,66,3
2024,November,47,Wednesday,20-11-2024,277,123,400,400,384,71,6
2024,November,47,Thursday,21-11-2024,257,101,358,378,379,57,1
2024,November,47,Friday,22-11-2024,179,101,280,379,382,44,0
2024,November,47,Saturday,23-11-2024,96,47,143,232,380,9,2
2024,November,47,Sunday,24-11-2024,183,78,261,269,379,39,6
2024,November,48,Monday,25-11-2024,343,104,447,418,379,96,19
2024,November,48,Tuesday,26-11-2024,368,112,480,484,377,64,6
2024,November,48,Wednesday,27-11-2024,276,118,394,516,389,71,11
2024,November,48,Thursday,28-11-2024,267,117,384,432,403,59,11
2024,November,48,Friday,29-11-2024,256,92,348,431,408,49,10
2024,November,48,Saturday,30-11-2024,134,43,177,249,405,26,2
2024,December,48,Sunday,01-12-2024,236,72,308,376,403,41,2
2024,December,49,Monday,02-12-2024,331,124,455,516,401,86,21
2024,December,49,Tuesday,03-12-2024,342,118,460,484,395,74,18
2024,December,49,Wednesday,04-12-2024,326,122,448,435,411,69,10
2024,December,49,Thursday,05-12-2024,231,115,346,446,404,55,2
2024,December,49,Friday,06-12-2024,215,102,317,409,418,61,2
2024,December,49,Saturday,07-12-2024,124,51,175,267,408,24,1
2024,December,49,Sunday,08-12-2024,190,69,259,353,408,44,10
2024,December,50,Monday,09-12-2024,304,117,421,469,402,95,27
2024,December,50,Tuesday,10-12-2024,326,129,455,501,388,87,2
2024,December,50,Wednesday,11-12-2024,286,105,391,443,414,59,4
2024,December,50,Thursday,12-12-2024,254,98,352,423,416,53,5
2024,December,50,Friday,13-12-2024,212,88,300,406,416,43,1
2024,December,50,Saturday,14-12-2024,149,45,194,257,402,23,2
2024,December,50,Sunday,15-12-2024,174,83,257,365,401,40,1
2024,December,51,Monday,16-12-2024,312,132,444,443,401,103,5
2024,December,51,Tuesday,17-12-2024,315,146,461,469,396,74,3
2024,December,51,Wednesday,18-12-2024,294,123,417,437,376,67,8
2024,December,51,Thursday,19-12-2024,256,108,364,427,384,55,5
2024,December,51,Friday,20-12-2024,220,88,308,357,394,45,0
2024,December,51,Saturday,21-12-2024,75,38,113,219,372,14,1
2024,December,51,Sunday,22-12-2024,98,40,138,259,372,17,1
2024,December,52,Monday,23-12-2024,155,55,210,309,373,41,1
2024,December,52,Tuesday,24-12-2024,65,28,93,190,347,10,0
2024,December,52,Wednesday,25-12-2024,24,0,24,61,329,0,0
2024,December,52,Thursday,26-12-2024,57,8,65,116,329,6,0
2024,December,52,Friday,27-12-2024,106,36,142,212,329,4,0
2024,December,52,Saturday,28-12-2024,138,38,176,230,334,15,1
2024,December,52,Sunday,29-12-2024,160,54,214,324,334,44,2
2024,December,53,Monday,30-12-2024,323,106,429,481,334,104,19
2024,December,53,Tuesday,31-12-2024,229,93,322,483,341,57,3
2025,January,1,Wednesday,01-01-2025,181,70,251,419,348,44,4
2025,January,1,Thursday,02-01-2025,281,121,402,539,348,87,11
2025,January,1,Friday,03-01-2025,263,114,377,505,353,68,3
2025,January,1,Saturday,04-01-2025,158,72,230,404,356,38,2
2025,January,1,Sunday,05-01-2025,236,102,338,458,356,86,10
2025,January,2,Monday,06-01-2025,396,138,534,638,355,113,15
2025,January,2,Tuesday,07-01-2025,336,135,471,630,358,101,8
2025,January,2,Wednesday,08-01-2025,333,140,473,589,376,83,6
2025,January,2,Thursday,09-01-2025,307,121,428,557,376,99,4
2025,January,2,Friday,10-01-2025,272,111,383,553,384,93,6
2025,January,2,Saturday,11-01-2025,200,76,276,410,360,33,5
2025,January,2,Sunday,12-01-2025,265,106,371,525,360,82,3
2025,January,3,Monday,13-01-2025,342,133,475,664,354,159,23
2025,January,3,Tuesday,14-01-2025,362,160,522,623,370,115,14
2025,January,3,Wednesday,15-01-2025,339,167,506,580,352,101,10
2025,January,3,Thursday,16-01-2025,282,154,436,593,367,92,7
2025,January,3,Friday,17-01-2025,263,137,400,529,410,82,5
2025,January,3,Saturday,18-01-2025,122,71,193,382,398,47,3
2025,January,3,Sunday,19-01-2025,179,107,286,420,398,75,5
2025,January,4,Monday,20-01-2025,310,145,455,533,398,126,4
2025,January,4,Tuesday,21-01-2025,343,159,502,557,398,89,7
2025,January,4,Wednesday,22-01-2025,315,152,467,572,411,93,3
2025,January,4,Thursday,23-01-2025,317,142,459,540,423,85,0
2025,January,4,Friday,24-01-2025,200,102,302,417,425,48,1
2025,January,4,Saturday,25-01-2025,177,73,250,366,427,62,8
2025,January,4,Sunday,26-01-2025,219,111,330,446,424,68,4
2025,January,5,Monday,27-01-2025,344,147,491,565,428,113,8
2025,January,5,Tuesday,28-01-2025,378,173,551,599,439,95,18
2025,January,5,Wednesday,29-01-2025,344,162,506,614,438,88,7
2025,January,5,Thursday,30-01-2025,335,154,489,603,433,88,4
2025,January,5,Friday,31-01-2025,297,125,422,580,403,55,3
2025,February,5,Saturday,01-02-2025,132,79,211,402,408,34,1
2025,February,5,Sunday,02-02-2025,163,90,253,498,411,53,1
2025,February,6,Monday,03-02-2025,307,115,422,592,411,89,3
2025,February,6,Tuesday,04-02-2025,444,173,617,745,409,187,21
2025,February,6,Wednesday,05-02-2025,408,180,588,744,410,143,10
2025,February,6,Thursday,06-02-2025,271,154,425,698,414,98,11
2025,February,6,Friday,07-02-2025,198,122,320,605,419,62,10
2025,February,6,Saturday,08-02-2025,142,59,201,393,402,30,4
2025,February,6,Sunday,09-02-2025,212,78,290,449,402,62,2
2025,February,7,Monday,10-02-2025,301,118,419,588,407,112,21
2025,February,7,Tuesday,11-02-2025,312,149,461,609,424,98,14
2025,February,7,Wednesday,12-02-2025,302,109,411,536,432,72,2
2025,February,7,Thursday,13-02-2025,256,116,372,538,439,64,3
2025,February,7,Friday,14-02-2025,248,93,341,493,451,47,1
2025,February,7,Saturday,15-02-2025,128,39,167,356,434,30,0
2025,February,7,Sunday,16-02-2025,162,51,213,431,430,32,2
2025,February,8,Monday,17-02-2025,297,112,409,531,431,73,6
2025,February,8,Tuesday,18-02-2025,361,143,504,550,432,76,2
2025,February,8,Wednesday,19-02-2025,295,121,416,561,424,64,2
2025,February,8,Thursday,20-02-2025,308,121,429,527,411,62,2
2025,February,8,Friday,21-02-2025,221,109,330,496,420,58,1
2025,February,8,Saturday,22-02-2025,135,57,192,357,411,18,0
2025,February,8,Sunday,23-02-2025,217,102,319,469,414,63,3
2025,February,9,Monday,24-02-2025,348,139,487,604,414,119,14
2025,February,9,Tuesday,25-02-2025,329,149,478,583,424,90,2
2025,February,9,Wednesday,26-02-2025,256,138,394,584,459,81,3
2025,February,9,Thursday,27-02-2025,266,121,387,521,454,72,2
2025,February,9,Friday,28-02-2025,205,107,312,449,438,55,1
2025,March,9,Saturday,01-03-2025,95,67,162,390,431,23,14
2025,March,9,Sunday,02-03-2025,143,89,232,466,433,53,1
2025,March,10,Monday,03-03-2025,304,123,427,561,432,92,3
2025,March,10,Tuesday,04-03-2025,243,118,361,530,446,74,8
2025,March,10,Wednesday,05-03-2025,240,117,357,487,458,60,7
2025,March,10,Thursday,06-03-2025,200,91,291,454,446,61,3
2025,March,10,Friday,07-03-2025,145,83,228,405,449,37,1
2025,March,10,Saturday,08-03-2025,110,45,155,309,433,13,0
2025,March,10,Sunday,09-03-2025,127,76,203,377,431,41,1
2025,March,11,Monday,10-03-2025,284,122,406,427,431,83,6
2025,March,11,Tuesday,11-03-2025,245,133,378,469,427,73,3
2025,March,11,Wednesday,12-03-2025,202,122,324,459,445,70,0
2025,March,11,Thursday,13-03-2025,196,85,281,423,439,50,5
2025,March,11,Friday,14-03-2025,142,66,208,408,420,26,2
2025,March,11,Saturday,15-03-2025,34,29,63,202,401,10,0
2025,March,11,Sunday,16-03-2025,47,33,80,210,401,11,0
2025,March,12,Monday,17-03-2025,80,46,126,316,402,19,0
2025,March,12,Tuesday,18-03-2025,155,75,230,352,401,38,2
2025,March,12,Wednesday,19-03-2025,216,89,305,385,411,34,1
2025,March,12,Thursday,20-03-2025,164,81,245,389,421,41,1
2025,March,12,Friday,21-03-2025,149,82,231,374,410,30,0
2025,March,12,Saturday,22-03-2025,100,43,143,215,391,14,0
2025,March,12,Sunday,23-03-2025,121,49,170,269,391,29,0
2025,March,13,Monday,24-03-2025,226,99,325,434,391,56,1
2025,March,13,Tuesday,25-03-2025,269,91,360,430,401,51,0
2025,March,13,Wednesday,26-03-2025,259,105,364,405,413,55,1
2025,March,13,Thursday,27-03-2025,218,99,317,423,420,45,2
2025,March,13,Friday,28-03-2025,178,95,273,352,430,46,4
2025,March,13,Saturday,29-03-2025,80,63,143,187,425,19,0
2025,March,13,Sunday,30-03-2025,142,59,201,216,419,48,1
2025,March,14,Monday,31-03-2025,221,84,305,339,419,68,1
2025,April,14,Tuesday,01-04-2025,253,92,345,368,416,49,3
2025,April,14,Wednesday,02-04-2025,208,115,323,351,422,44,0
2025,April,14,Thursday,03-04-2025,211,87,298,331,421,54,0
2025,April,14,Friday,04-04-2025,157,73,230,359,434,37,0
2025,April,14,Saturday,05-04-2025,82,31,113,246,418,18,0
2025,April,14,Sunday,06-04-2025,117,50,167,271,417,32,0
2025,April,15,Monday,07-04-2025,193,93,286,356,416,57,2
2025,April,15,Tuesday,08-04-2025,218,91,309,372,397,52,0
2025,April,15,Wednesday,09-04-2025,155,83,238,330,392,44,0
2025,April,15,Thursday,10-04-2025,169,78,247,303,392,49,2
2025,April,15,Friday,11-04-2025,139,58,197,259,374,31,0
2025,April,15,Saturday,12-04-2025,49,29,78,190,363,8,0
2025,April,15,Sunday,13-04-2025,110,54,164,229,364,35,1
2025,April,16,Monday,14-04-2025,231,86,317,325,364,62,2
2025,April,16,Tuesday,15-04-2025,223,102,325,356,372,53,1
2025,April,16,Wednesday,16-04-2025,284,103,387,367,403,44,1
2025,April,16,Thursday,17-04-2025,223,100,323,361,401,54,2
2025,April,16,Friday,18-04-2025,148,61,209,328,393,38,3
2025,April,16,Saturday,19-04-2025,63,41,104,160,391,11,0
2025,April,16,Sunday,20-04-2025,56,42,98,179,386,30,0
2025,April,17,Monday,21-04-2025,126,71,197,285,385,44,0
2025,April,17,Tuesday,22-04-2025,225,94,319,419,384,54,3
2025,April,17,Wednesday,23-04-2025,268,110,378,439,386,77,7
2025,April,17,Thursday,24-04-2025,173,108,281,436,392,69,0
2025,April,17,Friday,25-04-2025,166,98,264,363,407,34,0
2025,April,17,Saturday,26-04-2025,63,61,124,230,390,12,1
2025,April,17,Sunday,27-04-2025,135,69,204,303,387,35,0
2025,April,18,Monday,28-04-2025,210,103,313,388,385,65,3
2025,April,18,Tuesday,29-04-2025,202,108,310,403,401,47,0
2025,April,18,Wednesday,30-04-2025,195,88,283,363,418,48,0
2025,May,18,Thursday,01-05-2025,137,79,216,329,411,41,0
2025,May,18,Friday,02-05-2025,102,53,155,296,400,26,0
2025,May,18,Saturday,03-05-2025,56,16,72,183,391,6,0
2025,May,18,Sunday,04-05-2025,69,27,96,195,392,14,0
2025,May,19,Monday,05-05-2025,111,58,169,247,390,31,0
2025,May,19,Tuesday,06-05-2025,183,102,285,410,390,63,2
2025,May,19,Wednesday,07-05-2025,202,117,319,427,413,50,1
2025,May,19,Thursday,08-05-2025,172,109,281,369,410,62,1
2025,May,19,Friday,09-05-2025,153,75,228,268,423,43,0
2025,May,19,Saturday,10-05-2025,73,52,125,212,409,18,1
2025,May,19,Sunday,11-05-2025,82,67,149,230,409,30,1
2025,May,20,Monday,12-05-2025,132,102,234,277,410,62,0
2025,May,20,Tuesday,13-05-2025,211,105,316,322,408,46,0
2025,May,20,Wednesday,14-05-2025,197,109,306,340,422,47,0
2025,May,20,Thursday,15-05-2025,197,95,292,340,416,47,0
2025,May,20,Friday,16-05-2025,124,77,201,312,404,44,1
2025,May,20,Saturday,17-05-2025,79,40,119,217,398,24,0
2025,May,20,Sunday,18-05-2025,105,48,153,256,400,33,0
2025,May,21,Monday,19-05-2025,193,77,270,327,399,50,0
2025,May,21,Tuesday,20-05-2025,172,78,250,347,411,34,0
2025,May,21,Wednesday,21-05-2025,190,82,272,340,417,40,2
2025,May,21,Thursday,22-05-2025,183,87,270,348,411,47,0
2025,May,21,Friday,23-05-2025,140,86,226,307,413,45,0
2025,May,21,Saturday,24-05-2025,83,49,132,189,401,19,0
2025,May,21,Sunday,25-05-2025,117,76,193,209,400,38,0
2025,May,22,Monday,26-05-2025,210,88,298,327,398,77,4
2025,May,22,Tuesday,27-05-2025,192,104,296,365,404,37,0
2025,May,22,Wednesday,28-05-2025,182,121,303,356,409,54,0
2025,May,22,Thursday,29-05-2025,216,102,318,326,403,50,1
2025,May,22,Friday,30-05-2025,157,68,225,292,403,41,0
2025,May,22,Saturday,31-05-2025,58,27,85,144,391,7,0
2025,June,22,Sunday,01-06-2025,69,36,105,190,389,15,0
2025,June,23,Monday,02-06-2025,125,46,171,217,389,31,1
2025,June,23,Tuesday,03-06-2025,216,91,307,355,390,49,4
2025,June,23,Wednesday,04-06-2025,201,90,291,353,398,46,3
2025,June,23,Thursday,05-06-2025,155,93,248,328,390,42,0
2025,June,23,Friday,06-06-2025,164,90,254,288,391,42,0
2025,June,23,Saturday,07-06-2025,77,58,135,191,374,29,0
2025,June,23,Sunday,08-06-2025,112,72,184,240,376,50,1
2025,June,24,Monday,09-06-2025,175,104,279,346,379,81,4
2025,June,24,Tuesday,10-06-2025,185,85,270,318,386,50,2
2025,June,24,Wednesday,11-06-2025,180,87,267,305,405,43,2
2025,June,24,Thursday,12-06-2025,162,86,248,269,390,37,3
2025,June,24,Friday,13-06-2025,158,87,245,246,385,31,2
2025,June,24,Saturday,14-06-2025,68,52,120,182,382,16,0
2025,June,24,Sunday,15-06-2025,114,45,159,236,377,19,0
2025,June,25,Monday,16-06-2025,164,108,272,306,376,44,1
2025,June,25,Tuesday,17-06-2025,216,108,324,301,377,39,1
2025,June,25,Wednesday,18-06-2025,165,83,248,267,392,42,1
2025,June,25,Thursday,19-06-2025,171,80,251,275,375,34,0
2025,June,25,Friday,20-06-2025,170,79,249,255,385,31,0
2025,June,25,Saturday,21-06-2025,89,32,121,165,385,7,1
2025,June,25,Sunday,22-06-2025,139,58,197,180,381,29,3
2025,June,26,Monday,23-06-2025,186,111,297,298,383,60,8
2025,June,26,Tuesday,24-06-2025,227,116,343,263,382,55,2
2025,June,26,Wednesday,25-06-2025,193,103,296,297,398,62,0
2025,June,26,Thursday,26-06-2025,178,110,288,275,396,41,1
2025,June,26,Friday,27-06-2025,150,94,244,246,385,37,1
2025,June,26,Saturday,28-06-2025,84,41,125,188,394,20,0
2025,June,26,Sunday,29-06-2025,103,68,171,244,390,30,1
2025,June,27,Monday,30-06-2025,197,120,317,325,389,75,4
2025,July,27,Tuesday,01-07-2025,204,127,331,322,382,71,3
2025,July,27,Wednesday,02-07-2025,183,124,307,300,406,61,8
2025,July,27,Thursday,03-07-2025,122,109,231,270,413,42,1
2025,July,27,Friday,04-07-2025,132,76,208,218,421,33,1
2025,July,27,Saturday,05-07-2025,56,31,87,154,416,17,0
2025,July,27,Sunday,06-07-2025,109,67,176,220,414,22,1
2025,July,28,Monday,07-07-2025,188,95,283,296,415,43,3
2025,July,28,Tuesday,08-07-2025,201,92,293,307,416,33,1
2025,July,28,Wednesday,09-07-2025,156,76,232,300,414,25,0
2025,July,28,Thursday,10-07-2025,139,70,209,264,409,33,0
2025,July,28,Friday,11-07-2025,110,76,186,258,416,23,0
2025,July,28,Saturday,12-07-2025,66,34,100,170,419,12,0
2025,July,28,Sunday,13-07-2025,84,51,135,223,416,15,0
2025,July,29,Monday,14-07-2025,141,89,230,310,416,37,1
2025,July,29,Tuesday,15-07-2025,208,110,318,325,413,44,0
2025,July,29,Wednesday,16-07-2025,196,116,312,339,414,49,2
2025,July,29,Thursday,17-07-2025,166,111,277,360,421,40,0
2025,July,29,Friday,18-07-2025,167,102,269,309,404,53,4
2025,July,29,Saturday,19-07-2025,65,44,109,185,391,8,0
2025,July,29,Sunday,20-07-2025,112,50,162,211,391,27,0
2025,July,30,Monday,21-07-2025,179,112,291,288,390,74,3
2025,July,30,Tuesday,22-07-2025,206,119,325,330,386,55,1
2025,July,30,Wednesday,23-07-2025,186,128,314,328,418,58,1
2025,July,30,Thursday,24-07-2025,138,111,249,314,414,45,2
2025,July,30,Friday,25-07-2025,149,98,247,260,408,53,0
2025,July,30,Saturday,26-07-2025,79,40,119,131,391,19,0
2025,July,30,Sunday,27-07-2025,127,73,200,193,393,32,0
2025,July,31,Monday,28-07-2025,197,111,308,310,391,75,2
2025,July,31,Tuesday,29-07-2025,195,124,319,299,395,58,5
2025,July,31,Wednesday,30-07-2025,195,113,308,291,425,59,3
2025,July,31,Thursday,31-07-2025,159,98,257,251,422,45,1
2025,August,31,Friday,01-08-2025,171,91,262,250,405,37,0
2025,August,31,Saturday,02-08-2025,56,38,94,123,390,4,0
2025,August,31,Sunday,03-08-2025,62,57,119,133,390,19,0
2025,August,32,Monday,04-08-2025,105,69,174,230,390,49,4
2025,August,32,Tuesday,05-08-2025,188,91,279,353,389,59,3
2025,August,32,Wednesday,06-08-2025,181,89,270,359,392,34,0
2025,August,32,Thursday,07-08-2025,170,76,246,299,402,34,1
2025,August,32,Friday,08-08-2025,153,76,229,250,398,25,0
2025,August,32,Saturday,09-08-2025,76,29,105,161,400,14,0
2025,August,32,Sunday,10-08-2025,122,42,164,202,397,22,0
2025,August,33,Monday,11-08-2025,231,69,300,287,397,50,2
2025,August,33,Tuesday,12-08-2025,204,82,286,325,404,32,0
2025,August,33,Wednesday,13-08-2025,195,107,302,311,417,33,2
2025,August,33,Thursday,14-08-2025,210,74,284,296,409,36,1
2025,August,33,Friday,15-08-2025,163,78,241,300,405,35,1
2025,August,33,Saturday,16-08-2025,88,38,126,184,396,17,0
2025,August,33,Sunday,17-08-2025,127,89,216,269,395,51,1
2025,August,34,Monday,18-08-2025,232,114,346,351,393,91,7
2025,August,34,Tuesday,19-08-2025,236,113,349,352,403,66,1
2025,August,34,Wednesday,20-08-2025,182,123,305,366,421,68,3
2025,August,34,Thursday,21-08-2025,172,109,281,243,411,54,1
2025,August,34,Friday,22-08-2025,156,92,248,226,414,35,0
2025,August,34,Saturday,23-08-2025,95,50,145,155,411,23,0
2025,August,34,Sunday,24-08-2025,126,64,190,168,405,49,3
2025,August,35,Monday,25-08-2025,205,104,309,271,405,73,6
2025,August,35,Tuesday,26-08-2025,233,114,347,312,400,51,0
2025,August,35,Wednesday,27-08-2025,225,116,341,346,415,53,3
2025,August,35,Thursday,28-08-2025,211,96,307,330,422,55,1
2025,August,35,Friday,29-08-2025,218,91,309,306,424,47,6
2025,August,35,Saturday,30-08-2025,72,64,136,196,419,25,0
2025,August,35,Sunday,31-08-2025,142,78,220,269,419,45,1
2025,September,36,Monday,01-09-2025,234,118,352,363,417,78,4
2025,September,36,Tuesday,02-09-2025,215,117,332,336,421,75,2
2025,September,36,Wednesday,03-09-2025,244,111,355,324,432,56,7
2025,September,36,Thursday,04-09-2025,211,104,315,325,438,36,0
2025,September,36,Friday,05-09-2025,159,93,252,249,441,42,0
2025,September,36,Saturday,06-09-2025,101,45,146,163,437,22,0
2025,September,36,Sunday,07-09-2025,139,63,202,195,438,38,0
2025,September,37,Monday,08-09-2025,205,103,308,332,439,74,4
2025,September,37,Tuesday,09-09-2025,213,120,333,373,432,49,4
2025,September,37,Wednesday,10-09-2025,195,121,316,338,434,48,2
2025,September,37,Thursday,11-09-2025,163,108,271,325,423,57,1
2025,September,37,Friday,12-09-2025,189,97,286,291,416,41,0
2025,September,37,Saturday,13-09-2025,109,72,181,201,417,35,0
2025,September,37,Sunday,14-09-2025,150,84,234,238,412,50,4
2025,September,38,Monday,15-09-2025,228,133,361,366,412,101,11
2025,September,38,Tuesday,16-09-2025,256,134,390,384,424,68,3
2025,September,38,Wednesday,17-09-2025,221,108,329,368,420,50,2
2025,September,38,Thursday,18-09-2025,164,92,256,353,419,43,1
2025,September,38,Friday,19-09-2025,157,86,243,296,411,30,0
2025,September,38,Saturday,20-09-2025,81,57,138,193,414,20,0
2025,September,38,Sunday,21-09-2025,131,72,203,274,413,49,1
2025,September,39,Monday,22-09-2025,210,101,311,364,413,67,3
2025,September,39,Tuesday,23-09-2025,191,102,293,344,421,40,3
2025,September,39,Wednesday,24-09-2025,181,103,284,358,429,36,0
2025,September,39,Thursday,25-09-2025,140,94,234,322,431,33,2
2025,September,39,Friday,26-09-2025,147,63,210,272,425,20,0
2025,September,39,Saturday,27-09-2025,81,49,130,203,408,22,0
2025,September,39,Sunday,28-09-2025,124,67,191,273,408,44,1
2025,September,40,Monday,29-09-2025,214,113,327,408,408,73,2
2025,September,40,Tuesday,30-09-2025,200,111,311,410,430,55,3
2025,October,40,Wednesday,01-10-2025,222,112,334,441,435,34,0
2025,October,40,Thursday,02-10-2025,186,93,279,380,434,44,1
2025,October,40,Friday,03-10-2025,190,92,282,373,437,41,0
2025,October,40,Saturday,04-10-2025,104,62,166,232,433,22,0
2025,October,40,Sunday,05-10-2025,151,80,231,274,432,55,1
2025,October,41,Monday,06-10-2025,224,121,345,470,431,66,5
2025,October,41,Tuesday,07-10-2025,233,108,341,452,434,37,8
2025,October,41,Wednesday,08-10-2025,269,95,364,455,433,59,6
2025,October,41,Thursday,09-10-2025,196,112,308,440,442,51,2
2025,October,41,Friday,10-10-2025,172,111,283,349,433,51,1
2025,October,41,Saturday,11-10-2025,83,41,124,229,423,17,0
2025,October,41,Sunday,12-10-2025,105,57,162,295,421,26,1
2025,October,42,Monday,13-10-2025,181,90,271,373,421,54,2
2025,October,42,Tuesday,14-10-2025,204,104,308,374,413,56,1
2025,October,42,Wednesday,15-10-2025,175,104,279,352,428,37,1
2025,October,42,Thursday,16-10-2025,146,91,237,348,425,33,2
2025,October,42,Friday,17-10-2025,161,90,251,338,437,37,1
2025,October,42,Saturday,18-10-2025,76,26,102,229,427,13,0
2025,October,42,Sunday,19-10-2025,111,32,143,288,427,21,1
2025,October,43,Monday,20-10-2025,199,81,280,405,426,30,2
2025,October,43,Tuesday,21-10-2025,217,101,318,417,426,32,2
2025,October,43,Wednesday,22-10-2025,228,91,319,409,445,37,0
2025,October,43,Thursday,23-10-2025,166,74,240,354,454,32,3
2025,October,43,Friday,24-10-2025,130,57,187,331,435,18,3
2025,October,43,Saturday,25-10-2025,53,11,64,178,430,5,0
2025,October,43,Sunday,26-10-2025,81,23,104,234,429,12,0
2025,October,44,Monday,27-10-2025,123,41,164,313,426,23,0
2025,October,44,Tuesday,28-10-2025,204,58,262,466,427,45,1
2025,October,44,Wednesday,29-10-2025,231,80,311,433,390,41,1
2025,October,44,Thursday,30-10-2025,217,80,297,449,360,36,2
2025,October,44,Friday,31-10-2025,198,72,270,387,416,34,0
2025,November,44,Saturday,01-11-2025,98,30,128,233,414,16,0
2025,November,44,Sunday,02-11-2025,122,46,168,316,414,25,1
2025,November,45,Monday,03-11-2025,233,86,319,450,414,47,12
2025,November,45,Tuesday,04-11-2025,277,104,381,481,416,40,7
2025,November,45,Wednesday,05-11-2025,252,114,366,491,420,49,2
2025,November,45,Thursday,06-11-2025,242,125,367,450,442,63,3
2025,November,45,Friday,07-11-2025,218,103,321,425,443,45,3
2025,November,45,Saturday,08-11-2025,104,38,142,317,433,23,0
2025,November,45,Sunday,09-11-2025,150,54,204,416,436,28,2
2025,November,46,Monday,10-11-2025,252,89,341,480,437,64,5
2025,November,46,Tuesday,11-11-2025,243,140,383,508,434,64,4
2025,November,46,Wednesday,12-11-2025,207,122,329,459,443,55,2
2025,November,46,Thursday,13-11-2025,195,105,300,480,439,40,2
2025,November,46,Friday,14-11-2025,180,68,248,440,441,40,0
2025,November,46,Saturday,15-11-2025,91,16,107,280,430,7,0
2025,November,46,Sunday,16-11-2025,86,35,121,335,428,18,0
2025,November,47,Monday,17-11-2025,218,77,295,452,433,25,0
2025,November,47,Tuesday,18-11-2025,184,98,282,462,449,39,4
2025,November,47,Wednesday,19-11-2025,162,70,232,418,455,39,5
2025,November,47,Thursday,20-11-2025,160,66,226,395,447,34,3
2025,November,47,Friday,21-11-2025,133,58,191,351,427,21,0
2025,November,47,Saturday,22-11-2025,68,16,84,222,421,5,0
2025,November,47,Sunday,23-11-2025,122,38,160,317,429,11,0
2025,November,48,Monday,24-11-2025,190,81,271,416,430,47,3
2025,November,48,Tuesday,25-11-2025,229,78,307,440,418,26,1
2025,November,48,Wednesday,26-11-2025,248,112,360,481,418,48,2
2025,November,48,Thursday,27-11-2025,245,91,336,455,432,48,5
2025,November,48,Friday,28-11-2025,215,90,305,440,434,51,3
2025,November,48,Saturday,29-11-2025,150,27,177,321,425,21,0
2025,November,48,Sunday,30-11-2025,170,51,221,398,421,28,1
2025,December,49,Monday,01-12-2025,257,91,348,514,419,63,7
2025,December,49,Tuesday,02-12-2025,321,97,418,529,422,66,10
2025,December,49,Wednesday,03-12-2025,258,84,342,503,447,62,3
2025,December,49,Thursday,04-12-2025,261,77,338,502,452,53,0
2025,December,49,Friday,05-12-2025,195,74,269,482,444,35,0
2025,December,49,Saturday,06-12-2025,137,24,161,310,455,8,0
2025,December,49,Sunday,07-12-2025,168,50,218,391,455,32,3
2025,December,50,Monday,08-12-2025,318,103,421,573,455,63,6
2025,December,50,Tuesday,09-12-2025,330,114,444,584,436,48,4
2025,December,50,Wednesday,10-12-2025,308,126,434,516,444,70,2
2025,December,50,Thursday,11-12-2025,219,91,310,474,436,50,3
2025,December,50,Friday,12-12-2025,230,66,296,439,436,32,0
2025,December,50,Saturday,13-12-2025,90,33,123,308,436,7,0
2025,December,50,Sunday,14-12-2025,133,46,179,371,434,18,0
2025,December,51,Monday,15-12-2025,277,80,357,487,433,65,3
2025,December,51,Tuesday,16-12-2025,223,64,287,490,424,43,2
2025,December,51,Wednesday,17-12-2025,178,70,248,498,425,35,5
2025,December,51,Thursday,18-12-2025,130,41,171,449,415,19,0
2025,December,51,Friday,19-12-2025,90,35,125,370,399,13,0
2025,December,51,Saturday,20-12-2025,62,21,83,186,376,17,0
2025,December,51,Sunday,21-12-2025,80,33,113,224,374,25,0
2025,December,52,Monday,22-12-2025,103,50,153,333,380,28,0
2025,December,52,Tuesday,23-12-2025,61,25,86,220,385,14,0
2025,December,52,Wednesday,24-12-2025,23,1,24,96,375,3,0
2025,December,52,Thursday,25-12-2025,15,0,15,54,361,2,0
2025,December,52,Friday,26-12-2025,16,0,16,41,361,0,0
2025,December,52,Saturday,27-12-2025,38,1,39,32,359,2,0
2025,December,52,Sunday,28-12-2025,76,5,81,96,356,6,1
2025,December,53,Monday,29-12-2025,93,6,99,293,355,8,0
2025,December,53,Tuesday,30-12-2025,113,29,142,309,351,7,0
2025,December,53,Wednesday,31-12-2025,104,23,127,291,375,14,2
2026,January,1,Thursday,01-01-2026,53,17,70,211,376,9,2
2026,January,1,Friday,02-01-2026,106,33,139,321,377,11,3
2026,January,1,Saturday,03-01-2026,83,16,99,252,380,12,4
2026,January,1,Sunday,04-01-2026,159,38,197,387,377,22,1
2026,January,2,Monday,05-01-2026,261,103,364,581,379,61,7
2026,January,2,Tuesday,06-01-2026,274,88,362,607,399,61,8
2026,January,2,Wednesday,07-01-2026,286,142,428,673,394,56,4
2026,January,2,Thursday,08-01-2026,305,137,442,691,428,75,14
2026,January,2,Friday,09-01-2026,246,153,399,690,435,87,3
2026,January,2,Saturday,10-01-2026,205,103,308,584,424,50,2
2026,January,2,Sunday,11-01-2026,260,121,381,659,423,100,5
2026,January,3,Monday,12-01-2026,358,165,523,821,421,152,28
2026,January,3,Tuesday,13-01-2026,342,189,531,803,447,114,16
2026,January,3,Wednesday,14-01-2026,345,174,519,777,454,105,19
2026,January,3,Thursday,15-01-2026,273,142,415,727,442,93,5
2026,January,3,Friday,16-01-2026,235,111,346,680,437,69,4
2026,January,3,Saturday,17-01-2026,170,68,238,555,454,24,1
2026,January,3,Sunday,18-01-2026,202,101,303,657,454,66,5
2026,January,4,Monday,19-01-2026,302,129,431,811,450,115,7
2026,January,4,Tuesday,20-01-2026,293,165,458,781,451,94,2
2026,January,4,Wednesday,21-01-2026,287,172,459,771,457,97,5
2026,January,4,Thursday,22-01-2026,272,135,407,715,441,80,1
2026,January,4,Friday,23-01-2026,234,122,356,671,421,68,0
2026,January,4,Saturday,24-01-2026,155,78,233,505,435,31,0
2026,January,4,Sunday,25-01-2026,218,99,317,646,433,59,0
2026,January,5,Monday,26-01-2026,293,154,447,787,433,115,9
2026,January,5,Tuesday,27-01-2026,307,148,455,723,457,73,3
2026,January,5,Wednesday,28-01-2026,310,158,468,690,477,84,8
2026,January,5,Thursday,29-01-2026,233,130,363,680,474,70,6
2026,January,5,Friday,30-01-2026,181,113,294,658,492,55,3
2026,January,5,Saturday,31-01-2026,118,51,169,426,499,20,0
2026,February,5,Sunday,01-02-2026,135,63,198,510,499,42,0
2026,February,6,Monday,02-02-2026,194,90,284,599,499,59,5
2026,February,6,Tuesday,03-02-2026,298,165,463,769,494,97,16
2026,February,6,Wednesday,04-02-2026,326,194,520,746,483,90,8
2026,February,6,Thursday,05-02-2026,297,184,481,701,471,103,8
2026,February,6,Friday,06-02-2026,285,156,441,686,464,82,5
2026,February,6,Saturday,07-02-2026,181,96,277,549,463,46,2
2026,February,6,Sunday,08-02-2026,223,120,343,626,463,73,0
2026,February,7,Monday,09-02-2026,339,152,491,757,462,135,3
2026,February,7,Tuesday,10-02-2026,327,177,504,722,480,71,13
2026,February,7,Wednesday,11-02-2026,296,179,475,707,488,80,4
2026,February,7,Thursday,12-02-2026,296,142,438,641,481,70,4
2026,February,7,Friday,13-02-2026,282,159,441,633,491,80,8
2026,February,7,Saturday,14-02-2026,125,52,177,424,486,22,2
2026,February,7,Sunday,15-02-2026,158,85,243,494,487,43,3
2026,February,8,Monday,16-02-2026,277,154,431,650,487,111,10
2026,February,8,Tuesday,17-02-2026,280,151,431,666,489,87,7
2026,February,8,Wednesday,18-02-2026,269,145,414,584,498,81,2
2026,February,8,Thursday,19-02-2026,207,127,334,570,499,56,3
2026,February,8,Friday,20-02-2026,186,95,281,519,494,50,2
2026,February,8,Saturday,21-02-2026,91,52,143,393,477,22,0
2026,February,8,Sunday,22-02-2026,126,56,182,486,476,30,1
2026,February,9,Monday,23-02-2026,222,105,327,620,476,65,3
2026,February,9,Tuesday,24-02-2026,294,142,436,635,489,63,5
2026,February,9,Wednesday,25-02-2026,274,164,438,600,501,83,3
2026,February,9,Thursday,26-02-2026,247,157,404,572,499,75,4
2026,February,9,Friday,27-02-2026,234,123,357,557,493,69,0
2026,February,9,Saturday,28-02-2026,157,54,211,414,469,34,0
2026,March,9,Sunday,01-03-2026,182,78,260,530,469,47,5
2026,March,10,Monday,02-03-2026,267,106,373,642,468,74,11
2026,March,10,Tuesday,03-03-2026,307,120,427,620,489,68,4
2026,March,10,Wednesday,04-03-2026,244,132,376,656,484,61,2
2026,March,10,Thursday,05-03-2026,281,135,416,605,497,66,3
2026,March,10,Friday,06-03-2026,206,88,294,543,508,57,1
2026,March,10,Saturday,07-03-2026,97,42,139,385,497,19,0
2026,March,10,Sunday,08-03-2026,158,71,229,418,497,45,6
2026,March,11,Monday,09-03-2026,226,140,366,551,497,65,7
2026,March,11,Tuesday,10-03-2026,291,126,417,550,499,74,7
2026,March,11,Wednesday,11-03-2026,261,125,386,563,544,87,9
2026,March,11,Thursday,12-03-2026,217,84,301,503,545,59,2
2026,March,11,Friday,13-03-2026,183,66,249,501,543,37,4
2026,March,11,Saturday,14-03-2026,93,27,120,358,510,15,0
2026,March,11,Sunday,15-03-2026,151,35,186,403,510,24,2
2026,March,12,Monday,16-03-2026,208,71,279,549,512,44,6
2026,March,12,Tuesday,17-03-2026,127,66,193,495,512,23,0
2026,March,12,Wednesday,18-03-2026,237,90,327,609,508,60,3
2026,March,12,Thursday,19-03-2026,222,84,306,616,537,34,1
2026,March,12,Friday,20-03-2026,215,73,288,578,542,44,3
2026,March,12,Saturday,21-03-2026,113,32,145,415,523,33,1
2026,March,12,Sunday,22-03-2026,157,57,214,466,522,33,1
2026,March,13,Monday,23-03-2026,303,99,402,639,521,79,20
2026,March,13,Tuesday,24-03-2026,293,121,414,650,511,74,6
2026,March,13,Wednesday,25-03-2026,304,143,447,603,523,63,1
2026,March,13,Thursday,26-03-2026,233,124,357,594,539,74,1
2026,March,13,Friday,27-03-2026,203,104,307,562,522,54,0
2026,March,13,Saturday,28-03-2026,117,67,184,373,511,23,0
2026,March,13,Sunday,29-03-2026,144,80,224,488,507,41,0
2026,March,14,Monday,30-03-2026,269,128,397,624,507,95,12
2026,March,14,Tuesday,31-03-2026,272,136,408,613,504,78,2
2026,April,14,Wednesday,01-04-2026,270,132,402,555,513,69,3
2026,April,14,Thursday,02-04-2026,261,131,392,560,500,72,2
2026,April,14,Friday,03-04-2026,199,103,302,504,491,55,2
2026,April,14,Saturday,04-04-2026,61,31,92,294,469,17,2
2026,April,14,Sunday,05-04-2026,78,32,110,332,468,19,0
2026,April,15,Monday,06-04-2026,136,51,187,422,468,32,0
2026,April,15,Tuesday,07-04-2026,291,96,387,583,468,67,6
2026,April,15,Wednesday,08-04-2026,263,109,372,602,464,52,2
2026,April,15,Thursday,09-04-2026,275,116,391,597,463,51,0
2026,April,15,Friday,10-04-2026,235,108,343,579,475,57,6
2026,April,15,Saturday,11-04-2026,114,64,178,443,469,39,0
2026,April,15,Sunday,12-04-2026,162,58,220,512,469,48,0
2026,April,16,Monday,13-04-2026,265,117,382,607,468,78,8
2026,April,16,Tuesday,14-04-2026,320,154,474,623,472,70,4
2026,April,16,Wednesday,15-04-2026,323,149,472,635,507,90,1
2026,April,16,Thursday,16-04-2026,326,167,493,641,517,91,2
2026,April,16,Friday,17-04-2026,269,134,403,562,505,83,6
2026,April,16,Saturday,18-04-2026,123,73,196,471,501,42,6
2026,April,16,Sunday,19-04-2026,223,86,309,529,502,57,2
2026,April,17,Monday,20-04-2026,363,142,505,668,502,129,16
2026,April,17,Tuesday,21-04-2026,289,152,441,637,514,82,4
2026,April,17,Wednesday,22-04-2026,232,145,377,625,532,78,1
2026,April,17,Thursday,23-04-2026,228,108,336,535,529,68,2
2026,April,17,Friday,24-04-2026,183,86,269,459,528,56,3
2026,April,17,Saturday,25-04-2026,85,43,128,319,511,19,1
2026,April,17,Sunday,26-04-2026,120,53,173,390,511,22,0
2026,April,18,Monday,27-04-2026,245,98,343,535,511,73,5
2026,April,18,Tuesday,28-04-2026,263,134,397,592,510,70,0
2026,April,18,Wednesday,29-04-2026,211,122,333,599,501,52,4
2026,April,18,Thursday,30-04-2026,173,114,287,547,518,49,0
2026,May,18,Friday,01-05-2026,146,96,242,466,522,32,0
2026,May,18,Saturday,02-05-2026,80,24,104,295,538,10,0
2026,May,18,Sunday,03-05-2026,80,45,125,297,538,27,0
2026,May,19,Monday,04-05-2026,136,63,199,456,535,26,0
2026,May,19,Tuesday,05-05-2026,240,106,346,587,532,69,6
2026,May,19,Wednesday,06-05-2026,234,101,335,580,539,65,1
2026,May,19,Thursday,07-05-2026,209,110,319,548,536,42,0
2026,May,19,Friday,08-05-2026,191,95,286,492,536,54,0
2026,May,19,Saturday,09-05-2026,113,44,157,354,542,18,0
2026,May,19,Sunday,10-05-2026,137,62,199,466,541,29,0
2026,May,20,Monday,11-05-2026,240,127,367,584,541,62,7
2026,May,20,Tuesday,12-05-2026,297,135,432,597,548,60,2
2026,May,20,Wednesday,13-05-2026,279,142,421,587,542,77,5
2026,May,20,Thursday,14-05-2026,201,97,298,557,539,56,1
2026,May,20,Friday,15-05-2026,194,85,279,523,522,40,0
2026,May,20,Saturday,16-05-2026,115,48,163,293,509,24,1
2026,May,20,Sunday,17-05-2026,159,69,228,384,508,41,2
2026,May,21,Monday,18-05-2026,252,113,365,570,508,78,3
2026,May,21,Tuesday,19-05-2026,308,130,438,564,506,76,1
2026,May,21,Wednesday,20-05-2026,238,131,369,582,530,60,2
2026,May,21,Thursday,21-05-2026,202,119,321,573,514,45,0
2026,May,21,Friday,22-05-2026,159,112,271,550,524,32,0
2026,May,21,Saturday,23-05-2026,95,51,146,331,516,15,0
2026,May,21,Sunday,24-05-2026,141,66,207,405,517,37,1
2026,May,22,Monday,25-05-2026,219,94,313,527,518,59,5
2026,May,22,Tuesday,26-05-2026,260,104,364,521,535,38,0
2026,May,22,Wednesday,27-05-2026,210,112,322,536,528,44,3
2026,May,22,Thursday,28-05-2026,169,105,274,498,544,45,1
2026,May,22,Friday,29-05-2026,136,78,214,430,533,38,2
2026,May,22,Saturday,30-05-2026,74,23,97,256,517,12,0
2026,May,22,Sunday,31-05-2026,73,33,106,312,518,21,0
